{"frames":{"shelf-platform":{"frame":{"x":375,"y":325,"w":391,"h":64},"rotated":false,"trimmed":false,"spriteSourceSize":{"x":0,"y":0,"w":391,"h":64},"sourceSize":{"w":391,"h":64}},"switch-holder":{"frame":{"x":0,"y":0,"w":916,"h":109},"rotated":false,"trimmed":false,"spriteSourceSize":{"x":0,"y":0,"w":916,"h":109},"sourceSize":{"w":916,"h":109}},"switch-button":{"frame":{"x":0,"y":110,"w":756,"h":214},"rotated":false,"trimmed":false,"spriteSourceSize":{"x":0,"y":0,"w":756,"h":214},"sourceSize":{"w":756,"h":214}},"box":{"frame":{"x":757,"y":207,"w":96,"h":80},"rotated":false,"trimmed":false,"spriteSourceSize":{"x":0,"y":0,"w":96,"h":80},"sourceSize":{"w":96,"h":80}},"gear":{"frame":{"x":757,"y":110,"w":96,"h":96},"rotated":false,"trimmed":false,"spriteSourceSize":{"x":0,"y":0,"w":96,"h":96},"sourceSize":{"w":96,"h":96}},"music-block":{"frame":{"x":0,"y":325,"w":374,"h":96},"rotated":false,"trimmed":false,"spriteSourceSize":{"x":0,"y":0,"w":374,"h":96},"sourceSize":{"w":374,"h":96}}},"meta":{"app":"https://www.leshylabs.com/apps/sstool/","version":"Leshy SpriteSheet Tool v0.8.4","image":"assetsheet.png","size":{"w":916,"h":421},"scale":1}}