{"frames":{"billboard":{"frame":{"x":0,"y":576,"w":800,"h":600},"rotated":false,"trimmed":false,"spriteSourceSize":{"x":0,"y":0,"w":800,"h":600},"sourceSize":{"w":800,"h":600}},"clocktower":{"frame":{"x":0,"y":0,"w":171,"h":575},"rotated":false,"trimmed":false,"spriteSourceSize":{"x":0,"y":0,"w":171,"h":575},"sourceSize":{"w":171,"h":575}},"exterior":{"frame":{"x":564,"y":0,"w":271,"h":347},"rotated":false,"trimmed":false,"spriteSourceSize":{"x":0,"y":0,"w":271,"h":347},"sourceSize":{"w":271,"h":347}},"rooftop":{"frame":{"x":172,"y":140,"w":319,"h":287},"rotated":false,"trimmed":false,"spriteSourceSize":{"x":0,"y":0,"w":319,"h":287},"sourceSize":{"w":319,"h":287}},"trampoline":{"frame":{"x":172,"y":0,"w":391,"h":139},"rotated":false,"trimmed":false,"spriteSourceSize":{"x":0,"y":0,"w":391,"h":139},"sourceSize":{"w":391,"h":139}}},"meta":{"app":"https://www.leshylabs.com/apps/sstool/","version":"Leshy SpriteSheet Tool v0.8.4","image":"lvl2-spritesheet.png","size":{"w":835,"h":1176},"scale":1}}