{"frames":{"lever-base":{"frame":{"x":301,"y":0,"w":66,"h":161},"rotated":false,"trimmed":false,"spriteSourceSize":{"x":0,"y":0,"w":66,"h":161},"sourceSize":{"w":66,"h":161}},"lever-handle":{"frame":{"x":0,"y":155,"w":33,"h":110},"rotated":false,"trimmed":false,"spriteSourceSize":{"x":0,"y":0,"w":33,"h":110},"sourceSize":{"w":33,"h":110}},"book1":{"frame":{"x":0,"y":266,"w":350,"h":78},"rotated":false,"trimmed":false,"spriteSourceSize":{"x":0,"y":0,"w":350,"h":78},"sourceSize":{"w":350,"h":78}},"book2":{"frame":{"x":0,"y":345,"w":305,"h":98},"rotated":false,"trimmed":false,"spriteSourceSize":{"x":0,"y":0,"w":305,"h":98},"sourceSize":{"w":305,"h":98}},"spring":{"frame":{"x":0,"y":0,"w":300,"h":154},"rotated":false,"trimmed":false,"spriteSourceSize":{"x":0,"y":0,"w":300,"h":154},"sourceSize":{"w":300,"h":154}},"elevator2":{"frame":{"x":319,"y":444,"w":320,"h":433},"rotated":false,"trimmed":false,"spriteSourceSize":{"x":0,"y":0,"w":320,"h":433},"sourceSize":{"w":320,"h":433}},"elevator3":{"frame":{"x":0,"y":444,"w":318,"h":434},"rotated":false,"trimmed":false,"spriteSourceSize":{"x":0,"y":0,"w":318,"h":434},"sourceSize":{"w":318,"h":434}},"elevator1":{"frame":{"x":368,"y":0,"w":318,"h":435},"rotated":false,"trimmed":false,"spriteSourceSize":{"x":0,"y":0,"w":318,"h":435},"sourceSize":{"w":318,"h":435}}},"meta":{"app":"https://www.leshylabs.com/apps/sstool/","version":"Leshy SpriteSheet Tool v0.8.4","image":"lvl3-spritesheet.png","size":{"w":686,"h":878},"scale":1}}