{"frames":[{"filename":"left3","frame":{"x":0,"y":0,"w":212,"h":337},"rotated":false,"trimmed":false,"spriteSourceSize":{"x":0,"y":0,"w":212,"h":337},"sourceSize":{"w":212,"h":337}},{"filename":"right1","frame":{"x":213,"y":0,"w":212,"h":337},"rotated":false,"trimmed":false,"spriteSourceSize":{"x":0,"y":0,"w":212,"h":337},"sourceSize":{"w":212,"h":337}},{"filename":"right2","frame":{"x":426,"y":0,"w":212,"h":337},"rotated":false,"trimmed":false,"spriteSourceSize":{"x":0,"y":0,"w":212,"h":337},"sourceSize":{"w":212,"h":337}},{"filename":"right3","frame":{"x":0,"y":338,"w":212,"h":337},"rotated":false,"trimmed":false,"spriteSourceSize":{"x":0,"y":0,"w":212,"h":337},"sourceSize":{"w":212,"h":337}},{"filename":"left1","frame":{"x":213,"y":338,"w":212,"h":337},"rotated":false,"trimmed":false,"spriteSourceSize":{"x":0,"y":0,"w":212,"h":337},"sourceSize":{"w":212,"h":337}},{"filename":"left2","frame":{"x":426,"y":338,"w":212,"h":337},"rotated":false,"trimmed":false,"spriteSourceSize":{"x":0,"y":0,"w":212,"h":337},"sourceSize":{"w":212,"h":337}}],"meta":{"app":"https://www.leshylabs.com/apps/sstool/","version":"Leshy SpriteSheet Tool v0.8.4","image":"patches2.png","size":{"w":638,"h":675},"scale":1}}