{"frames":{"cutscene1":{"frame":{"x":0,"y":0,"w":800,"h":600},"rotated":false,"trimmed":false,"spriteSourceSize":{"x":0,"y":0,"w":800,"h":600},"sourceSize":{"w":800,"h":600}},"cutscene2":{"frame":{"x":0,"y":601,"w":800,"h":600},"rotated":false,"trimmed":false,"spriteSourceSize":{"x":0,"y":0,"w":800,"h":600},"sourceSize":{"w":800,"h":600}},"cutscene3":{"frame":{"x":801,"y":0,"w":800,"h":600},"rotated":false,"trimmed":false,"spriteSourceSize":{"x":0,"y":0,"w":800,"h":600},"sourceSize":{"w":800,"h":600}},"cutscene4":{"frame":{"x":801,"y":601,"w":800,"h":600},"rotated":false,"trimmed":false,"spriteSourceSize":{"x":0,"y":0,"w":800,"h":600},"sourceSize":{"w":800,"h":600}}},"meta":{"app":"https://www.leshylabs.com/apps/sstool/","version":"Leshy SpriteSheet Tool v0.8.4","image":"boxscene.png","size":{"w":1601,"h":1201},"scale":1}}