{"frames":{"switch-button":{"frame":{"x":0,"y":756,"w":756,"h":214},"rotated":false,"trimmed":false,"spriteSourceSize":{"x":0,"y":0,"w":756,"h":214},"sourceSize":{"w":756,"h":214}},"switch-guide":{"frame":{"x":0,"y":541,"w":917,"h":214},"rotated":false,"trimmed":false,"spriteSourceSize":{"x":0,"y":0,"w":917,"h":214},"sourceSize":{"w":917,"h":214}},"switch-holder":{"frame":{"x":927,"y":1217,"w":916,"h":109},"rotated":false,"trimmed":false,"spriteSourceSize":{"x":0,"y":0,"w":916,"h":109},"sourceSize":{"w":916,"h":109}},"gear":{"frame":{"x":0,"y":444,"w":96,"h":96},"rotated":false,"trimmed":false,"spriteSourceSize":{"x":0,"y":0,"w":96,"h":96},"sourceSize":{"w":96,"h":96}},"box":{"frame":{"x":489,"y":444,"w":53,"h":38},"rotated":false,"trimmed":false,"spriteSourceSize":{"x":0,"y":0,"w":53,"h":38},"sourceSize":{"w":53,"h":38}},"window":{"frame":{"x":927,"y":448,"w":502,"h":319},"rotated":false,"trimmed":false,"spriteSourceSize":{"x":0,"y":0,"w":502,"h":319},"sourceSize":{"w":502,"h":319}},"shelf-platform":{"frame":{"x":97,"y":444,"w":391,"h":64},"rotated":false,"trimmed":false,"spriteSourceSize":{"x":0,"y":0,"w":391,"h":64},"sourceSize":{"w":391,"h":64}},"Platform-4":{"frame":{"x":0,"y":0,"w":926,"h":443},"rotated":false,"trimmed":false,"spriteSourceSize":{"x":0,"y":0,"w":926,"h":443},"sourceSize":{"w":926,"h":443}},"Platform-1":{"frame":{"x":927,"y":768,"w":931,"h":448},"rotated":false,"trimmed":false,"spriteSourceSize":{"x":0,"y":0,"w":931,"h":448},"sourceSize":{"w":931,"h":448}},"Platform-2":{"frame":{"x":927,"y":0,"w":931,"h":447},"rotated":false,"trimmed":false,"spriteSourceSize":{"x":0,"y":0,"w":931,"h":447},"sourceSize":{"w":931,"h":447}},"Platform-3":{"frame":{"x":0,"y":971,"w":923,"h":442},"rotated":false,"trimmed":false,"spriteSourceSize":{"x":0,"y":0,"w":923,"h":442},"sourceSize":{"w":923,"h":442}}},"meta":{"app":"https://www.leshylabs.com/apps/sstool/","version":"Leshy SpriteSheet Tool v0.8.4","image":"spritesheet.png","size":{"w":1858,"h":1413},"scale":1}}