{"frames":{"music-block":{"frame":{"x":251,"y":325,"w":374,"h":96},"rotated":false,"trimmed":false,"spriteSourceSize":{"x":0,"y":0,"w":374,"h":96},"sourceSize":{"w":374,"h":96}},"shelf-platform":{"frame":{"x":251,"y":422,"w":391,"h":64},"rotated":false,"trimmed":false,"spriteSourceSize":{"x":0,"y":0,"w":391,"h":64},"sourceSize":{"w":391,"h":64}},"switch-holder":{"frame":{"x":0,"y":215,"w":916,"h":109},"rotated":false,"trimmed":false,"spriteSourceSize":{"x":0,"y":0,"w":916,"h":109},"sourceSize":{"w":916,"h":109}},"gear":{"frame":{"x":626,"y":325,"w":96,"h":96},"rotated":false,"trimmed":false,"spriteSourceSize":{"x":0,"y":0,"w":96,"h":96},"sourceSize":{"w":96,"h":96}},"switch-button":{"frame":{"x":0,"y":0,"w":756,"h":214},"rotated":false,"trimmed":false,"spriteSourceSize":{"x":0,"y":0,"w":756,"h":214},"sourceSize":{"w":756,"h":214}},"box":{"frame":{"x":0,"y":325,"w":250,"h":180},"rotated":false,"trimmed":false,"spriteSourceSize":{"x":0,"y":0,"w":250,"h":180},"sourceSize":{"w":250,"h":180}}},"meta":{"app":"https://www.leshylabs.com/apps/sstool/","version":"Leshy SpriteSheet Tool v0.8.4","image":"assetsheet.png","size":{"w":916,"h":505},"scale":1}}