{"frames":{"lever-handle":{"frame":{"x":425,"y":486,"w":33,"h":110},"rotated":false,"trimmed":false,"spriteSourceSize":{"x":0,"y":0,"w":33,"h":110},"sourceSize":{"w":33,"h":110}},"spring":{"frame":{"x":528,"y":79,"w":300,"h":154},"rotated":false,"trimmed":false,"spriteSourceSize":{"x":0,"y":0,"w":300,"h":154},"sourceSize":{"w":300,"h":154}},"book1":{"frame":{"x":528,"y":0,"w":350,"h":78},"rotated":false,"trimmed":false,"spriteSourceSize":{"x":0,"y":0,"w":350,"h":78},"sourceSize":{"w":350,"h":78}},"book2":{"frame":{"x":528,"y":670,"w":305,"h":98},"rotated":false,"trimmed":false,"spriteSourceSize":{"x":0,"y":0,"w":305,"h":98},"sourceSize":{"w":305,"h":98}},"bookshelf1":{"frame":{"x":425,"y":0,"w":102,"h":485},"rotated":false,"trimmed":false,"spriteSourceSize":{"x":0,"y":0,"w":102,"h":485},"sourceSize":{"w":102,"h":485}},"bookshelf2":{"frame":{"x":321,"y":0,"w":103,"h":483},"rotated":false,"trimmed":false,"spriteSourceSize":{"x":0,"y":0,"w":103,"h":483},"sourceSize":{"w":103,"h":483}},"bookshelf3":{"frame":{"x":321,"y":484,"w":101,"h":360},"rotated":false,"trimmed":false,"spriteSourceSize":{"x":0,"y":0,"w":101,"h":360},"sourceSize":{"w":101,"h":360}},"elevator1":{"frame":{"x":528,"y":234,"w":318,"h":435},"rotated":false,"trimmed":false,"spriteSourceSize":{"x":0,"y":0,"w":318,"h":435},"sourceSize":{"w":318,"h":435}},"elevator2":{"frame":{"x":0,"y":0,"w":320,"h":433},"rotated":false,"trimmed":false,"spriteSourceSize":{"x":0,"y":0,"w":320,"h":433},"sourceSize":{"w":320,"h":433}},"elevator3":{"frame":{"x":0,"y":434,"w":318,"h":434},"rotated":false,"trimmed":false,"spriteSourceSize":{"x":0,"y":0,"w":318,"h":434},"sourceSize":{"w":318,"h":434}},"lever-base":{"frame":{"x":425,"y":597,"w":66,"h":161},"rotated":false,"trimmed":false,"spriteSourceSize":{"x":0,"y":0,"w":66,"h":161},"sourceSize":{"w":66,"h":161}}},"meta":{"app":"https://www.leshylabs.com/apps/sstool/","version":"Leshy SpriteSheet Tool v0.8.4","image":"lvl3-spritesheet.png","size":{"w":878,"h":868},"scale":1}}