{"frames":{"bg8":{"frame":{"x":0,"y":0,"w":800,"h":600},"rotated":false,"trimmed":false,"spriteSourceSize":{"x":0,"y":0,"w":800,"h":600},"sourceSize":{"w":800,"h":600}},"bg9":{"frame":{"x":0,"y":601,"w":800,"h":600},"rotated":false,"trimmed":false,"spriteSourceSize":{"x":0,"y":0,"w":800,"h":600},"sourceSize":{"w":800,"h":600}},"bg4":{"frame":{"x":801,"y":0,"w":800,"h":600},"rotated":false,"trimmed":false,"spriteSourceSize":{"x":0,"y":0,"w":800,"h":600},"sourceSize":{"w":800,"h":600}},"bg5":{"frame":{"x":801,"y":601,"w":800,"h":600},"rotated":false,"trimmed":false,"spriteSourceSize":{"x":0,"y":0,"w":800,"h":600},"sourceSize":{"w":800,"h":600}},"bg6":{"frame":{"x":0,"y":1202,"w":800,"h":600},"rotated":false,"trimmed":false,"spriteSourceSize":{"x":0,"y":0,"w":800,"h":600},"sourceSize":{"w":800,"h":600}},"bg7":{"frame":{"x":801,"y":1202,"w":800,"h":600},"rotated":false,"trimmed":false,"spriteSourceSize":{"x":0,"y":0,"w":800,"h":600},"sourceSize":{"w":800,"h":600}}},"meta":{"app":"https://www.leshylabs.com/apps/sstool/","version":"Leshy SpriteSheet Tool v0.8.4","image":"lvl3-bgs.png","size":{"w":1601,"h":1802},"scale":1}}