{"frames":{"number0":{"frame":{"x":0,"y":0,"w":96,"h":96},"rotated":false,"trimmed":false,"spriteSourceSize":{"x":0,"y":0,"w":96,"h":96},"sourceSize":{"w":96,"h":96}},"number1":{"frame":{"x":0,"y":97,"w":96,"h":96},"rotated":false,"trimmed":false,"spriteSourceSize":{"x":0,"y":0,"w":96,"h":96},"sourceSize":{"w":96,"h":96}},"number2":{"frame":{"x":97,"y":0,"w":96,"h":96},"rotated":false,"trimmed":false,"spriteSourceSize":{"x":0,"y":0,"w":96,"h":96},"sourceSize":{"w":96,"h":96}},"number4":{"frame":{"x":97,"y":97,"w":96,"h":96},"rotated":false,"trimmed":false,"spriteSourceSize":{"x":0,"y":0,"w":96,"h":96},"sourceSize":{"w":96,"h":96}},"number3":{"frame":{"x":0,"y":194,"w":96,"h":96},"rotated":false,"trimmed":false,"spriteSourceSize":{"x":0,"y":0,"w":96,"h":96},"sourceSize":{"w":96,"h":96}}},"meta":{"app":"https://www.leshylabs.com/apps/sstool/","version":"Leshy SpriteSheet Tool v0.8.4","image":"spritesheet.png","size":{"w":193,"h":290},"scale":1}}