{"frames":{"0":{"frame":{"x":0,"y":154,"w":86,"h":204},"rotated":false,"trimmed":false,"spriteSourceSize":{"x":0,"y":0,"w":86,"h":204},"sourceSize":{"w":86,"h":204}},"1":{"frame":{"x":192,"y":0,"w":118,"h":145},"rotated":false,"trimmed":false,"spriteSourceSize":{"x":0,"y":0,"w":118,"h":145},"sourceSize":{"w":118,"h":145}},"2":{"frame":{"x":0,"y":0,"w":96,"h":154},"rotated":false,"trimmed":false,"spriteSourceSize":{"x":0,"y":0,"w":96,"h":154},"sourceSize":{"w":96,"h":154}},"3":{"frame":{"x":96,"y":0,"w":96,"h":156},"rotated":false,"trimmed":false,"spriteSourceSize":{"x":0,"y":0,"w":96,"h":156},"sourceSize":{"w":96,"h":156}},"4":{"frame":{"x":192,"y":145,"w":118,"h":146},"rotated":false,"trimmed":false,"spriteSourceSize":{"x":0,"y":0,"w":118,"h":146},"sourceSize":{"w":118,"h":146}},"5":{"frame":{"x":96,"y":156,"w":90,"h":194},"rotated":false,"trimmed":false,"spriteSourceSize":{"x":0,"y":0,"w":90,"h":194},"sourceSize":{"w":90,"h":194}}},"meta":{"app":"https://www.leshylabs.com/apps/sstool/","version":"Leshy SpriteSheet Tool v0.8.4","image":"spritesheet.png","size":{"w":310,"h":358},"scale":1}}