{"frames":{"spacebar1":{"frame":{"x":0,"y":0,"w":378,"h":111},"rotated":false,"trimmed":false,"spriteSourceSize":{"x":0,"y":0,"w":378,"h":111},"sourceSize":{"w":378,"h":111}},"spacebar2":{"frame":{"x":0,"y":219,"w":382,"h":105},"rotated":false,"trimmed":false,"spriteSourceSize":{"x":0,"y":0,"w":382,"h":105},"sourceSize":{"w":382,"h":105}},"spacebar3":{"frame":{"x":0,"y":112,"w":384,"h":106},"rotated":false,"trimmed":false,"spriteSourceSize":{"x":0,"y":0,"w":384,"h":106},"sourceSize":{"w":384,"h":106}},"spacebar4":{"frame":{"x":0,"y":325,"w":382,"h":105},"rotated":false,"trimmed":false,"spriteSourceSize":{"x":0,"y":0,"w":382,"h":105},"sourceSize":{"w":382,"h":105}}},"meta":{"app":"https://www.leshylabs.com/apps/sstool/","version":"Leshy SpriteSheet Tool v0.8.4","image":"spacebar.png","size":{"w":384,"h":430},"scale":1}}