{"frames":{"apple":{"frame":{"x":129,"y":0,"w":79,"h":82},"rotated":false,"trimmed":false,"spriteSourceSize":{"x":0,"y":0,"w":79,"h":82},"sourceSize":{"w":79,"h":82}},"belly case":{"frame":{"x":383,"y":755,"w":128,"h":128},"rotated":false,"trimmed":false,"spriteSourceSize":{"x":0,"y":0,"w":128,"h":128},"sourceSize":{"w":128,"h":128}},"furretJump1":{"frame":{"x":257,"y":0,"w":125,"h":121},"rotated":false,"trimmed":false,"spriteSourceSize":{"x":0,"y":0,"w":125,"h":121},"sourceSize":{"w":125,"h":121}},"furretWalk0001":{"frame":{"x":257,"y":362,"w":124,"h":119},"rotated":false,"trimmed":false,"spriteSourceSize":{"x":0,"y":0,"w":124,"h":119},"sourceSize":{"w":124,"h":119}},"furretWalk0002":{"frame":{"x":383,"y":516,"w":124,"h":118},"rotated":false,"trimmed":false,"spriteSourceSize":{"x":0,"y":0,"w":124,"h":118},"sourceSize":{"w":124,"h":118}},"furretWalk0003":{"frame":{"x":257,"y":602,"w":124,"h":119},"rotated":false,"trimmed":false,"spriteSourceSize":{"x":0,"y":0,"w":124,"h":119},"sourceSize":{"w":124,"h":119}},"furretWalk0004":{"frame":{"x":257,"y":242,"w":125,"h":119},"rotated":false,"trimmed":false,"spriteSourceSize":{"x":0,"y":0,"w":125,"h":119},"sourceSize":{"w":125,"h":119}},"furretWalk0005":{"frame":{"x":383,"y":635,"w":124,"h":119},"rotated":false,"trimmed":false,"spriteSourceSize":{"x":0,"y":0,"w":124,"h":119},"sourceSize":{"w":124,"h":119}},"furretWalk0006":{"frame":{"x":257,"y":722,"w":123,"h":117},"rotated":false,"trimmed":false,"spriteSourceSize":{"x":0,"y":0,"w":123,"h":117},"sourceSize":{"w":123,"h":117}},"furretWalk0007":{"frame":{"x":257,"y":122,"w":124,"h":119},"rotated":false,"trimmed":false,"spriteSourceSize":{"x":0,"y":0,"w":124,"h":119},"sourceSize":{"w":124,"h":119}},"furretWalk0008":{"frame":{"x":257,"y":482,"w":125,"h":119},"rotated":false,"trimmed":false,"spriteSourceSize":{"x":0,"y":0,"w":125,"h":119},"sourceSize":{"w":125,"h":119}},"grass":{"frame":{"x":383,"y":258,"w":128,"h":128},"rotated":false,"trimmed":false,"spriteSourceSize":{"x":0,"y":0,"w":128,"h":128},"sourceSize":{"w":128,"h":128}},"green":{"frame":{"x":0,"y":0,"w":128,"h":128},"rotated":false,"trimmed":false,"spriteSourceSize":{"x":0,"y":0,"w":128,"h":128},"sourceSize":{"w":128,"h":128}},"red":{"frame":{"x":383,"y":387,"w":128,"h":128},"rotated":false,"trimmed":false,"spriteSourceSize":{"x":0,"y":0,"w":128,"h":128},"sourceSize":{"w":128,"h":128}},"sky":{"frame":{"x":383,"y":129,"w":128,"h":128},"rotated":false,"trimmed":false,"spriteSourceSize":{"x":0,"y":0,"w":128,"h":128},"sourceSize":{"w":128,"h":128}},"yellow":{"frame":{"x":383,"y":0,"w":128,"h":128},"rotated":false,"trimmed":false,"spriteSourceSize":{"x":0,"y":0,"w":128,"h":128},"sourceSize":{"w":128,"h":128}},"tree":{"frame":{"x":0,"y":129,"w":256,"h":768},"rotated":false,"trimmed":false,"spriteSourceSize":{"x":0,"y":0,"w":256,"h":768},"sourceSize":{"w":256,"h":768}}},"meta":{"app":"https://www.leshylabs.com/apps/sstool/","version":"Leshy SpriteSheet Tool v0.8.4","image":"spritesheet.png","size":{"w":511,"h":897},"scale":1}}