{"frames":{"window0":{"frame":{"x":0,"y":0,"w":502,"h":319},"rotated":false,"trimmed":false,"spriteSourceSize":{"x":0,"y":0,"w":502,"h":319},"sourceSize":{"w":502,"h":319}},"window1":{"frame":{"x":0,"y":320,"w":502,"h":319},"rotated":false,"trimmed":false,"spriteSourceSize":{"x":0,"y":0,"w":502,"h":319},"sourceSize":{"w":502,"h":319}},"window2":{"frame":{"x":0,"y":640,"w":502,"h":319},"rotated":false,"trimmed":false,"spriteSourceSize":{"x":0,"y":0,"w":502,"h":319},"sourceSize":{"w":502,"h":319}}},"meta":{"app":"https://www.leshylabs.com/apps/sstool/","version":"Leshy SpriteSheet Tool v0.8.4","image":"window.png","size":{"w":502,"h":959},"scale":1}}